,Compound Name/PubChem ID,Binding_Affintiy
0,73941365,-7.673
1,5280794,-7.402
2,1183,-6.512
3,13131889,-6.501
4,126,-6.613
5,10026486,-7.467
6,589098,-6.473
7,6918810,-6.453
8,7456,-6.518
9,8417,-6.505
10,5280460,-6.572
11,8655,-6.547
12,597266,-6.526
13,637542,-6.437
14,1135,-6.495
15,190,-6.351
16,518900,-6.457
17,6420999,-6.546
18,60961,-6.822
19,135,-6.609
20,8468,-6.391
21,243,-6.658
22,72277,-6.697
23,2519,-6.497
24,65064,-6.738
25,9064,-6.735
26,72276,-6.735
27,9804842,-6.792
28,199472,-6.738
29,107905,-6.925
30,133053374,-6.982
31,5480982,-5.789
32,5960,-6.575
33,33032,-6.502
34,5950,-6.405
35,6287,-6.325
36,750,-6.544
37,6322,-6.733
38,5951,-6.678
39,67678,-6.4
40,6137,-6.27
41,6288,-6.623
42,6140,-6.462
43,6057,-6.581
44,6306,-6.675
45,6274,-6.358
46,5962,-6.364
47,6305,-6.599
48,145742,-6.428
49,6106,-6.675
50,11005,-6.538
51,985,-6.752
52,5281,-6.758
53,445639,-6.726
54,5280450,-6.689
55,5280934,-6.732
56,10467,-6.833
57,768,-6.451
58,2724705,-6.527
59,65033,-7.388
60,5988,-6.703
61,22296544,-7.479
62,605599,-6.57
63,5280802,-6.551
64,5376471,-6.784
65,597630,-6.459
66,17198,-6.586
67,566112,-6.573
68,7818,-6.397
69,39150,-6.741
70,595338,-6.399
71,70126,-6.449
72,72326,-7.478
73,31337,-6.636
74,854,-6.686
75,595368,-6.712
76,622897,-6.734
77,5379468,-7.617
78,596183,-6.422
79,81744,-6.433
80,62897,-6.607
81,620130,-7.626
82,545118,-6.709
83,70627,-6.549
84,119838,-6.34
85,12127,-6.512
86,545831,-6.54
87,602378,-6.907
88,565780,-7.476
89,621440,-7.292
90,1549095,-6.551
91,332,-6.466
92,19309,-6.659
93,9015,-6.53
94,237332,-6.557
95,4099,-6.749
96,7041,-6.511
97,611189,-6.783
98,294752,-7.044
99,289,-6.616
100,12366,-6.747
101,142491,-7.078
102,12407,-6.985
103,83577,-6.559
104,95652,-6.54
105,880,-6.427
106,536269,-6.583
107,92271,-6.707
108,8158,-6.473
109,74956,-6.448
110,7940,-6.431
111,14057261,-6.555
112,23494,-6.881
113,15558419,-6.832
114,13821181,-6.63
115,5281416,-6.453
116,442858,-6.478
117,10212,-6.75
118,68081,-6.75
119,69894,-6.572
120,131750977,-7.531
121,5281426,-6.56
122,4114,-6.504
123,65090,-6.592
124,6636299,-6.474
125,13614904,-6.565
126,330573,-6.422
127,443529,-6.436
128,6826,-6.413
129,79023,-6.47
130,84532,-6.407
131,439263,-6.466
132,14529,-6.469
133,68140,-6.543
134,108261,-6.47
135,6951713,-6.616
136,94221,-6.422
137,6432305,-6.436
138,188454,-6.522
139,518472,-6.532
140,6616,-6.532
141,12303902,-6.568
142,177040,-6.476
143,6918391,-6.55
144,100768,-6.52
145,107217,-6.622
146,12306047,-6.569
147,154704157,-6.535
148,6473767,-5.893
149,14889736,-7.197
150,14889737,-7.197
151,76955678,-6.566
152,5316891,-6.508
153,129861908,-6.524
154,11732015,-6.079
155,10207,-6.541
156,5242842,-6.467
157,6442939,-7.105
158,14211227,-6.973
159,160190,-6.593
160,12305761,-5.815
161,14989,-5.815
162,10208,-6.437
163,76332505,-6.947
164,119104,-6.472
165,5281946,-6.747
166,641301,-6.531
167,5280442,-6.747
168,5280704,-6.464
169,5281607,-6.464
170,5281616,-6.449
171,11034432,-6.786
172,5318039,-7.781
173,5281654,-6.889
174,5281666,-6.94
175,5280863,-6.715
176,73202,-6.518
177,68071,-6.428
178,5280343,-6.678
179,5280805,-6.945
180,5281954,-6.616
181,11149005,-6.463
182,31211,-6.527
183,222284,-7.467
184,101712322,-7.551
185,101712321,-7.551
186,101712320,-7.208
187,6738085,-7.117
188,50900051,-7.553
189,91884987,-7.362
190,11624161,-7.293
191,21579286,-7.347
192,12135219,-7.372
193,164576244,-7.303
194,5318369,-7.372
195,5319878,-7.581
196,13963771,-6.89
197,188316,-6.878
198,5318517,-7.362
199,6439612,-5.606
200,689043,-6.5
201,1794427,-6.131
202,444539,-6.608
203,445858,-6.58
204,16215023,-6.699
205,9848024,-7.473
206,100984956,-6.984
207,442138,-7.329
208,12304612,-6.409
209,44558930,-7.278
210,90471461,-6.54
211,9231,-6.595
212,14896,-6.532
213,16724,-6.436
214,1742210,-6.529
215,10719,-6.557
216,92139,-6.492
217,6474310,-6.949
218,524251,-6.608
219,12304831,-6.516
220,5280445,-6.715
221,31253,-6.501
222,6429034,-6.484
223,5352162,-6.583
224,102211014,-6.667
225,7460,-6.476
226,5089295,-6.55
227,151108,-6.927
228,6429141,-6.463
229,89664,-6.423
230,42608026,-7.501
231,227037,-7.478
232,5282217,-7.143
233,5481961,-7.635
234,5281243,-7.015
235,5281247,-7.143
236,6419725,-6.762
237,6441660,-6.762
238,5280443,-6.449
239,15298902,-6.814
240,399491,-7.635
241,12308618,-6.94
242,390520,-7.792
243,5458461,-7.882
244,5280489,-6.762
245,10941542,-7.085
246,5280790,-6.762
247,64971,-7.339
248,9979523,-7.834
249,5281232,-7.299
250,5319925,-7.72
251,5319924,-7.702
252,92110,-7.426
253,348093,-7.15
254,12305360,-7.15
255,518616,-7.315
256,5316250,-7.583
257,5458714,-6.664
258,15227962,-7.631
259,44258300,-7.68
260,5281670,-6.678
261,5481970,-6.715
262,5481958,-7.702
263,5281717,-6.508
264,10246505,-7.542
265,64945,-7.339
266,99474,-7.411
267,624971,-7.541
268,92095,-7.411
269,445354,-6.747
270,14543617,-6.158
271,73641,-7.328
272,91886694,-7.396
273,176996,-7.311
274,52952216,-7.311
275,102146586,-7.16
276,5281303,-5.872
277,23256847,-7.136
278,12308714,-7.243
279,49863985,-7.24
280,12004512,-7.278
281,101425842,-7.226
282,177086,-7.27
283,157277,-7.332
284,185704,-7.395
285,169088,-7.498
286,108058,-7.159
287,13875741,-7.467
288,154731026,-7.42
289,12313376,-7.24
290,6443004,-7.64
291,6443005,-7.618
292,178770,-7.269
293,6442906,-7.232
294,184937,-7.376
295,6437066,-7.461
296,157144,-7.392
297,76309326,-7.33
298,185552,-7.256
299,185729,-7.42
300,619164,-7.349
301,11813828,-7.39
302,12305177,-7.455
303,101600057,-7.232
304,10355,-6.648
305,13751990,-6.145
306,14237657,-6.145
307,9876038,-6.145
308,5319882,-6.644
309,2230,-6.563
310,12308619,-7.232
311,5280666,-6.94
312,14562695,-6.618
313,57403796,-6.511
314,69188,-6.448
315,97981,-6.625
316,12305178,-7.455
317,34167,-6.606
318,3765,-6.408
319,12575,-6.391
320,5281644,-7.324
321,114829,-6.428
322,7151,-6.581
323,89594,-6.432
324,10639,-6.688
325,9872976,-6.137
326,11250133,-6.064
327,122738,-6.064
328,72,-6.489
329,445154,-6.521
330,9890209,-7.339
331,92842,-7.278
332,6115,-6.629
333,13804,-7.523
334,75502,-7.394
335,9369,-6.468
336,938,-6.691
337,971,-6.449
338,493570,-7.041
339,107721,-7.014
340,1130,-6.618
341,5570,-6.509
342,713457,-7.393
343,441005,-6.563
344,6427071,-6.523
345,14104,-6.416
346,129819579,-6.57
347,6429302,-6.545
348,62566,-6.532
349,11586487,-6.528
350,5281515,-6.528
351,5281520,-6.6
352,28619,-6.491
353,188977,-6.438
354,11166301,-6.914
355,14135395,-7.68
356,6476139,-6.605
357,5273569,-6.542
358,5318597,-5.86
359,5280804,-5.841
360,162350,-6.341
361,5318759,-5.854
362,5318767,-7.195
363,5281647,-5.86
364,5274585,-5.801
365,439514,-6.556
366,442664,-6.979
367,5280441,-6.341
368,20858,-6.46
369,110806,-6.312
370,428,-6.482
371,22129,-6.466
372,538757,-6.252
373,82674,-6.818
374,69988,-6.542
375,69505,-6.543
376,16251,-6.511
377,8973,-6.708
378,87874,-6.478
379,9679,-6.492
380,7361,-6.612
381,753,-6.646
382,135398634,-6.561
383,68313,-6.456
384,12304,-6.457
385,5054,-6.616
386,7991,-6.547
387,142381,-6.463
388,93135,-6.495
389,73145,-7.455
390,6325460,-6.995
391,5282149,-5.789
392,5282102,-5.789
393,5320946,-6.94
394,73170,-7.455
395,9982084,-7.417
396,92156,-7.278
397,441849,-7.242
398,33005,-6.718
399,30101,-7.444
400,14134976,-7.818
401,16142,-7.242
402,46173724,-5.565
403,120728,-7.173
404,100998320,-7.278
405,15427611,-7.323
406,4696,-6.452
407,101618772,-7.444
408,13889352,-7.278
409,441874,-7.119
410,11261800,-7.479
411,92760,-7.504
412,44387915,-7.382
413,4330530,-6.527
414,12849769,-6.691
415,9543670,-7.385
416,14262276,-7.342
417,13475120,-7.237
418,5364600,-6.677
419,5364553,-6.7
420,74138,-6.743
421,8183,-6.414
422,12395,-6.811
423,26049,-6.464
424,5283383,-6.781
425,12405,-6.765
426,8222,-6.701
427,11006,-6.804
428,5284421,-6.741
429,643801,-6.742
430,6444104,-7.688
431,11635,-6.709
432,16607,-6.5
433,12592,-7.07
434,119033,-6.473
435,91434,-6.473
436,6654,-6.464
437,54670067,-6.728
438,13967857,-6.563
439,10104370,-6.617
440,11142,-6.475
441,5315472,-6.876
442,64685,-6.42
443,969516,-7.681
444,196216,-6.563
445,69879809,-7.639
446,5469424,-7.538
447,10429233,-7.681
448,2758,-6.436
449,6436348,-6.521
450,7463,-6.48
451,18818,-6.464
452,11463,-6.475
453,124072,-7.801
454,558221,-6.507
455,92776,-6.614
456,442809,-6.501
457,58,-6.302
458,6363,-6.616
459,177,-6.447
460,439710,-6.626
461,93285,-6.577
462,439353,-6.928
463,5280373,-6.747
464,6708635,-7.663
465,76218,-6.803
466,5316291,-6.39
467,442768,-6.616
468,5126,-6.478
469,5280961,-6.449
470,135398635,-6.707
471,5281781,-6.931
472,44257372,-7.204
473,12257,-6.69
474,82335,-6.392
475,252471,-6.931
476,8252,-6.677
477,5281804,-6.747
478,44257333,-7.28
479,5280781,-7.28
480,8063,-6.56
481,44576309,-7.338
482,102236868,-7.412
483,10220146,-6.595
484,102139042,-6.881
485,102139043,-6.889
486,102139044,-6.881
487,102139045,-7.044
488,102139046,-6.556
489,102139047,-6.931
490,102139048,-6.936
491,102139049,-6.755
492,102139050,-6.907
493,91895479,-6.907
494,14825627,-6.907
495,14825632,-6.881
496,9820702,-7.584
497,9930064,-6.826
498,52951311,-6.495
499,13828740,-7.071
500,10901750,-6.71
501,519960,-6.596
502,11230,-6.482
503,74819460,-6.534
504,92762,-6.57
505,5281516,-6.615
506,94164,-6.55
507,10856614,-6.528
508,17868,-6.465
509,240,-6.647
510,5281517,-6.615
511,638014,-6.586
512,442393,-6.528
513,2537,-6.412
514,122485,-6.466
515,91753200,-6.569
516,5319367,-6.466
517,25086832,-6.464
518,19725,-6.568
519,11770062,-6.57
520,15600,-6.506
521,8182,-6.5
522,91753433,-6.558
523,519857,-6.57
524,577062,-6.528
525,12313020,-6.533
526,5281519,-6.6
527,5317570,-6.6
528,227829,-6.57
529,12398,-6.704
530,91749531,-6.52
531,6950273,-6.622
532,220601,-6.565
533,6544,-6.441
534,22311,-6.475
535,6549,-6.461
536,31289,-6.477
537,10703,-6.48
538,17697,-6.589
539,12391,-6.675
540,11830550,-6.532
541,6432648,-6.528
542,12389,-6.7
543,11990360,-6.57
544,6429022,-6.509
545,6429304,-6.533
546,12315151,-6.459
547,79035,-6.454
548,12388,-6.622
549,14257,-6.451
550,27461,-6.383
551,87962319,-7.425
552,5367328,-7.255
553,123409,-7.178
554,5367460,-6.882
555,5280435,-6.788
556,5281553,-6.501
557,18827,-6.467
558,530428,-6.531
559,94204,-7.517
560,14262780,-6.706
561,92097,-7.455
562,5488919,-7.289
563,173183,-7.479
564,6557,-6.576
565,14035442,-6.251
566,311,-6.605
567,73568,-5.161
568,5281855,-6.388
569,441678,-7.492
570,370,-6.4
571,68345,-7.123
572,528988,-7.042
573,442042,-7.401
574,867,-6.369
575,442070,-6.904
576,101257,-7.492
577,10899740,-6.532
578,57501472,-6.533
579,15973057,-6.533
580,12315492,-6.617
581,5363445,-6.484
582,110740,-6.48
583,548927,-6.537
584,8051,-6.463
585,6428487,-6.528
586,6429303,-6.545
587,12311396,-6.534
588,91752761,-6.569
589,91354,-6.532
590,244,-6.614
591,25203064,-6.533
592,5320250,-6.501
593,61812,-6.455
594,5281167,-6.601
595,5363388,-6.475
596,10102,-6.533
597,177773,-6.563
598,3026,-6.689
599,24020,-6.55
600,12313019,-6.533
601,6432308,-6.533
602,9548705,-6.6
603,8908,-6.48
604,798,-6.561
605,5281522,-6.528
606,530426,-6.534
607,22310,-6.474
608,7150,-6.607
609,91752762,-6.528
610,68316,-6.498
611,91752763,-6.528
612,2733294,-6.475
613,439195,-6.681
614,5281780,-6.949
615,10131826,-6.791
616,9799386,-6.575
617,9945785,-6.603
618,6474309,-6.949
619,9798666,-6.131
620,5280633,-6.131
621,54585255,-6.605
622,25243950,-6.865
623,101419460,-6.915
624,5281417,-6.968
625,163183927,-7.025
626,74155521,-6.379
627,71720840,-6.605
628,135464366,-7.322
629,3084295,-6.499
630,5281643,-5.841
631,5742590,-7.148
632,11294177,-6.407
633,449290,-6.436
634,5376331,-6.493
635,9016,-6.529
636,957,-6.465
637,8184,-6.486
638,91015300,-6.431
639,5368821,-6.501
640,13198,-6.762
641,10976,-6.467
642,11611,-6.494
643,110998,-6.658
644,584765,-6.414
645,530422,-6.454
646,68584299,-6.303
647,7476,-6.463
648,31231,-6.415
649,41143,-6.461
650,203,-6.68
651,637563,-6.473
652,10659,-6.455
653,7222,-6.572
654,10955018,-6.567
655,18756,-6.501
656,8748,-6.442
657,7896,-6.44
658,10364,-6.489
659,441457,-6.58
660,518814,-6.532
661,84336,-6.569
662,12600,-6.757
663,8815,-6.457
664,15406,-6.42
665,14525,-6.412
666,135398658,-6.099
667,7461,-6.476
668,6184,-6.554
669,12374,-6.679
670,11552,-6.559
671,6452061,-6.436
672,10812,-6.48
673,4059,-6.536
674,7128,-6.427
675,71976,-6.721
676,31244,-6.536
677,7859,-6.477
678,62367,-6.459
679,11207217,-6.531
680,147297,-6.531
681,107936,-6.487
682,63123,-6.63
683,5281832,-6.875
684,11208660,-6.7
685,11357993,-6.659
686,10446329,-6.543
687,442913,-6.562
688,927945,-6.46
689,17000,-6.441
690,14511,-6.64
691,6448,-6.622
692,92221,-6.532
693,11105550,-6.422
694,6427117,-6.541
695,6429324,-6.493
696,23274265,-6.52
697,26447,-6.438
698,6429089,-6.588
699,998,-6.59
700,389885,-6.724
701,522266,-6.537
702,524198,-6.454
703,6428961,-6.534
704,162747,-6.622
705,12314318,-6.421
706,6430313,-6.622
707,98497,-6.477
708,15714685,-7.165
709,16757443,-6.063
710,50986185,-6.569
711,7247,-6.46
712,5281168,-6.514
713,5283335,-6.48
714,10408,-6.752
715,9862,-6.468
716,13894537,-6.528
717,51351709,-6.533
718,5366074,-6.587
719,8175,-6.468
720,8194,-6.587
721,3314,-6.418
722,8130,-6.463
723,107938,-6.602
724,7947,-6.46
725,4133,-6.518
726,931,-6.581
727,1713001,-6.593
728,12401,-6.741
729,12406,-6.911
730,6429112,-6.438
731,61041,-6.438
732,643731,-6.484
733,12534,-6.767
734,101716,-6.569
735,93046,-6.479
736,69600,-6.512
737,111037,-6.555
738,30248,-6.592
739,3893,-6.597
740,8294,-6.591
741,129730785,-7.179
742,92157,-7.278
743,61130,-6.408
744,10582,-6.423
745,102667,-6.421
746,121719,-6.48
747,6998,-6.613
748,5284507,-6.548
749,29025,-6.408
750,15559495,-6.6
751,12309449,-6.546
752,62385,-6.445
753,79044,-6.464
754,526657,-6.466
755,73555482,-6.567
756,20960,-6.555
757,20055523,-6.459
758,10123,-6.528
759,443470,-6.804
760,7462,-6.476
761,17100,-6.482
762,107412,-6.701
763,160799,-6.57
764,6428289,-6.42
765,12304985,-6.569
766,12314971,-6.747
767,15560330,-6.584
768,92231,-6.537
769,442402,-6.533
770,6989,-6.489
771,3084331,-6.57
772,9855795,-6.528
773,471,-6.664
774,20393,-6.768
775,348154,-6.551
776,6440783,-6.674
777,72724,-6.605
778,474518,-6.605
779,164879,-6.57
780,179610,-7.315
781,73285,-6.703
782,101006689,-6.608
783,15934091,-6.161
784,1017,-6.434
785,15959354,-6.323
786,6453392,-6.759
787,5281672,-6.754
788,475277,-6.118
789,1794425,-6.131
790,259846,-7.455
791,6251,-6.844
792,5364509,-6.751
793,8181,-6.759
794,5312457,-6.689
795,10494,-7.339
796,124025,-6.137
797,15953752,-5.371
798,14130922,-6.964
799,44259269,-6.936
800,6325870,-6.964
801,6429176,-6.493
802,6429180,-6.504
803,61346,-6.468
804,12300148,-6.542
805,10548420,-6.953
806,442359,-6.568
807,3083834,-6.492
808,57339298,-6.532
809,93081,-6.532
810,6428461,-6.614
811,56842786,-6.554
812,11284950,-7.198
813,91895465,-7.335
814,8892,-6.566
815,638011,-6.459
816,11276107,-6.554
817,519782,-6.548
818,107848,-6.953
819,637566,-6.461
820,5352847,-6.575
821,64953,-6.464
822,5281628,-6.94
823,6441270,-7.459
824,6476333,-5.515
825,49775357,-7.441
826,6436598,-7.236
827,15560077,-7.236
828,137381,-7.301
829,15143722,-7.168
830,101316804,-7.335
831,15560079,-7.459
832,185503,-7.459
833,643820,-6.461
834,6987,-6.438
835,6438155,-7.301
836,71699285,-7.301
837,638072,-6.982
838,179396,-6.822
839,125468,-6.66
840,85568,-6.466
841,71722049,-6.691
842,6755,-6.571
843,79441,-6.48
844,5281894,-6.539
845,5282108,-6.588
846,12304094,-6.464
847,5280746,-7.594
848,15101829,-7.324
849,185819,-6.896
850,5281613,-7.011
851,3033866,-6.618
852,3564,-6.481
853,5280953,-6.434
854,375105,-6.644
855,11996857,-5.854
856,5280637,-5.789
857,14032966,-6.966
858,445638,-6.699
859,5321954,-7.28
860,17985540,-6.506
861,173952,-7.17
862,64689,-6.928
863,13844298,-7.476
864,476856,-7.436
865,8029,-6.626
866,7772,-6.48
867,44583852,-6.861
868,10404245,-7.336
869,1254,-6.466
870,5319706,-6.81
871,156517,-7.507
872,95548,-6.526
873,104745,-6.508
874,31268,-6.765
875,263,-6.656
876,5281761,-6.915
877,14985,-7.332
878,241,-6.656
879,6857447,-7.293
880,5281759,-6.998
881,92094,-7.378
882,8857,-6.69
883,22842356,-6.85
884,92729,-7.293
885,129668240,-7.135
886,174003,-7.143
887,9917980,-7.162
888,5280548,-7.102
889,24624,-6.438
890,19695,-6.448
891,452707,-5.161
892,558024,-6.68
893,68406,-7.297
894,8209,-6.564
895,68972,-7.296
896,33510,-6.576
897,5282922,-7.533
898,92113,-7.479
899,17218,-6.68
900,74897,-6.473
901,860,-6.732
902,3931,-6.689
903,5312440,-6.786
904,5282745,-6.699
905,180,-6.742
906,8215,-7.412
907,124021,-6.728
908,5281328,-7.402
909,2682,-6.635
910,10374,-6.442
911,5312378,-6.597
912,341,-6.466
913,15612,-6.528
914,33113,-7.047
915,17885,-6.578
916,12620,-7.266
917,5484218,-5.829
918,637517,-6.726
919,18963719,-6.543
920,444972,-6.367
921,5281377,-6.464
922,16898,-7.236
923,10465,-6.708
924,6559,-6.646
925,91737062,-7.326
926,7955,-6.648
927,378532,-6.629
928,5367462,-6.81
929,7428,-6.552
930,73178,-6.33
931,10468,-7.391
932,13849,-6.583
933,65238,-6.4
934,6585,-6.319
935,1057,-6.55
936,5378597,-5.841
937,9832350,-7.258
938,8221,-6.714
939,91702167,-7.293
940,11197,-7.303
941,5480299,-6.49
942,5281629,-6.822
943,54678486,-6.882
944,5281631,-6.49
945,5281646,-7.816
946,5319255,-7.726
947,5281419,-7.62
948,5281650,-7.751
949,5319380,-7.818
950,5281651,-6.414
951,5281652,-6.486
952,5480342,-6.55
953,14089213,-6.526
954,6445537,-6.442
955,44258704,-7.434
956,5375199,-6.474
957,5281166,-6.521
958,440473,-6.473
959,996,-6.645
960,5276454,-6.925
961,3469,-6.489
962,267950,-6.521
963,5281331,-7.402
964,3081416,-6.62
965,12309060,-7.148
966,264,-6.66
967,24526,-6.698
968,5281235,-7.014
969,119287,-7.272
970,439215,-6.757
971,15599640,-7.402
972,101761,-7.478
973,188947,-6.853
974,5276890,-6.738
975,92825,-7.446
976,246983,-7.492
977,446925,-6.762
978,85724901,-7.49
979,102066427,-7.12
980,57518366,-7.294
981,14526924,-7.468
982,176079,-7.337
983,12312990,-7.455
984,5281125,-6.726
985,849,-6.459
986,5281792,-7.372
987,5281252,-7.014
988,637775,-6.512
989,70699351,-7.148
990,70699355,-7.211
991,10742,-6.56
992,449093,-6.609
993,7427,-6.703
994,5281800,-5.515
995,135413566,-7.462
996,6440982,-7.0
997,5280899,-7.015
998,5281234,-7.014
999,72889,-6.433
1000,135405023,-6.078
1001,91746804,-7.312
1002,637540,-6.437
1003,129556,-6.197
1004,449171,-6.919
1005,21600402,-7.038
1006,2346,-6.525
1007,7504,-6.622
1008,5281327,-7.479
1009,119394,-7.479
1010,5283638,-7.402
1011,5281326,-7.402
1012,12795736,-7.402
1013,6036,-6.928
1014,94715,-6.757
1015,18950,-6.928
1016,135191,-6.681
1017,129649823,-7.508
1018,162639104,-7.065
1019,135403648,-5.922
1020,25310,-6.626
1021,124319,-7.467
1022,5471459,-7.374
1023,44559760,-7.561
1024,10426197,-7.018
1025,10470,-7.319
1026,129712240,-6.638
1027,72201063,-7.359
1028,338,-6.609
1029,5484202,-7.104
1030,241572,-7.467
1031,135444742,-5.85
1032,21226412,-6.491
1033,44423592,-7.426
1034,1045,-6.466
1035,131751343,-7.133
1036,543796,-7.426
1037,25256788,-6.537
1038,91886690,-7.15
1039,681,-6.577
1040,10248,-6.435
1041,702,-6.313
1042,520125,-6.694
1043,61293,-6.638
1044,7762,-6.619
1045,429065,-6.588
1046,71629,-6.71
1047,525,-6.581
1048,439260,-6.17
1049,5284607,-7.117
1050,1054,-6.163
1051,5202,-6.484
1052,6438482,-7.259
1053,127197,-6.583
1054,1102,-6.401
1055,5316860,-6.917
1056,12367,-6.487
1057,188431,-5.791
1058,46888324,-5.323
1059,25199699,-5.979
1060,162138,-5.855
1061,53463365,-5.791
1062,51042543,-7.824
1063,51039307,-7.872
1064,120678,-7.505
1065,10345799,-7.398
1066,10163855,-7.398
1067,15558417,-7.474
1068,2236,-7.42
1069,53957771,-7.315
1070,4369270,-7.504
1071,84996,-6.908
1072,57387365,-7.417
1073,9897771,-7.446
1074,68057,-6.371
1075,7002,-6.587
1076,26808,-6.535
1077,12297,-6.532
1078,8723,-6.69
1079,8314,-6.582
1080,7055,-6.587
1081,23459,-6.429
1082,20745,-6.467
1083,176,-6.45
1084,65126,-7.272
1085,41285,-6.469
1086,854019,-6.526
1087,6781,-6.475
1088,519382,-6.582
1089,8554,-6.538
1090,1711945,-6.785
1091,7362,-6.657
1092,72281,-6.814
1093,31276,-6.55
1094,31260,-6.69
1095,8907,-6.744
1096,6569,-6.65
1097,10446,-6.673
1098,68107,-6.467
1099,6451337,-6.579
1100,31291,-6.575
1101,521243,-6.534
1102,443156,-6.464
1103,97959,-6.442
1104,442347,-6.57
1105,7439,-6.436
1106,326,-6.473
1107,10724471,-6.611
1108,45356270,-7.293
1109,10931630,-6.421
1110,564934,-6.571
1111,89488,-6.438
1112,1463,-6.176
1113,10281,-6.51
1114,155803271,-6.427
1115,341846,-6.894
1116,11240513,-6.464
1117,182903,-6.034
1118,182904,-7.165
1119,6442162,-5.81
1120,6442163,-7.191
1121,23955893,-7.378
1122,5459045,-7.191
1123,5273566,-6.322
1124,91472,-7.179
1125,12410,-7.042
1126,6325610,-6.93
1127,160487,-6.824
1128,679,-6.314
1129,5280862,-6.94
1130,129848017,-6.777
1131,252042,-7.597
1132,5280681,-6.889
1133,5281601,-6.878
1134,16655785,-7.338
1135,171488,-7.663
1136,6584,-6.366
1137,7127,-6.411
1138,5316820,-6.908
1139,160921,-7.421
1140,161271,-7.372
1141,73207,-7.421
1142,12315152,-6.459
1143,11527,-6.465
1144,442482,-6.476
1145,6430763,-6.608
1146,188323,-6.931
1147,165225,-7.336
1148,13250,-6.522
1149,3084296,-6.747
1150,97214,-7.421
1151,261859,-7.593
1152,114776,-5.826
1153,630253,-7.434
1154,5317471,-5.789
1155,5288573,-6.567
1156,5281675,-5.826
1157,7043,-6.529
1158,8103,-6.532
1159,6276,-6.61
1160,15394,-6.568
1161,650,-6.299
1162,10329,-6.663
1163,8257,-6.656
1164,7895,-6.56
1165,18635,-6.661
1166,11173,-6.656
1167,15289,-6.656
1168,637920,-6.568
1169,9223,-6.571
1170,12232,-6.515
1171,19310,-6.41
1172,460,-6.53
1173,6428573,-6.474
1174,6054,-6.53
1175,1049,-6.65
1176,313474,-6.48
1177,73750,-6.725
1178,5284503,-6.601
1179,12314995,-6.53
1180,145858,-6.578
1181,13039058,-7.359
1182,129629071,-6.81
1183,44258170,-6.323
1184,5281707,-6.445
1185,44257412,-7.742
1186,442769,-5.584
1187,68245,-6.821
1188,443650,-6.319
1189,442813,-7.41
1190,439336,-6.828
1191,160521,-7.647
1192,44259406,-5.495
1193,160481,-6.688
1194,442456,-5.617
1195,159287,-7.486
1196,443652,-6.749
1197,160711,-5.973
1198,21039417,-6.922
1199,440832,-6.547
1200,443648,-7.004
1201,443651,-6.897
1202,120693,-6.333
1203,44259245,-6.769
1204,44259139,-6.982
1205,442658,-7.394
1206,119258,-6.34
1207,6844,-6.579
1208,19,-6.489
1209,255720,-6.388
1210,441432,-6.703
1211,547,-6.406
1212,91528,-6.17
1213,500,-6.517
1214,196,-6.683
1215,6293,-6.417
1216,2284,-6.511
1217,2969,-6.494
1218,5997,-7.492
1219,1081,-6.494
1220,791,-6.675
1221,92824,-6.581
1222,169019,-6.654
1223,10690,-6.69
1224,752,-6.679
1225,757,-6.565
1226,785,-6.616
1227,612,-6.425
1228,7405,-6.516
1229,444266,-6.367
1230,92817,-6.828
1231,6440594,-6.238
1232,379,-6.481
1233,1004,-6.486
1234,667639,-6.508
1235,385,-6.53
1236,6508,-6.804
1237,439242,-6.828
1238,8742,-6.661
1239,5780,-6.844
1240,1110,-6.214
1241,439533,-6.664
1242,444212,-6.371
1243,21637830,-7.134
1244,9831166,-5.597
1245,6042,-6.724
1246,71308174,-6.129
1247,2723872,-6.928
1248,3037582,-6.728
1249,31357,-6.497
1250,40634,-6.48
1251,5280536,-6.5
1252,44578390,-7.688
1253,689075,-6.551
1254,181681,-7.74
1255,124213,-7.734
1256,100067,-7.591
1257,131673,-7.638
1258,780,-6.406
1259,1001,-6.55
1260,1738,-6.525
1261,2153,-6.51
1262,2353,-7.103
1263,4680,-7.382
1264,5429,-6.51
1265,5770,-7.474
1266,5910,-6.577
1267,5978,-6.766
1268,5983,-6.771
1269,6000,-7.404
1270,6005,-6.546
1271,6167,-7.644
1272,7047,-6.567
1273,8223,-7.464
1274,9215,-6.516
1275,9294,-6.457
1276,9985,-6.437
1277,10219,-7.405
1278,10621,-7.072
1279,10666,-6.207
1280,13342,-7.281
1281,64961,-6.539
1282,65380,-7.34
1283,68077,-7.633
1284,72344,-7.485
1285,83489,-7.202
1286,90454,-6.719
1287,101744,-6.719
1288,275196,-7.426
1289,440735,-6.663
1290,441074,-6.919
1291,442428,-7.437
1292,446220,-6.776
1293,638024,-6.811
1294,3000322,-6.963
1295,3034034,-6.919
1296,5281673,-6.308
1297,5281708,-6.464
1298,5282150,-7.302
1299,5284371,-6.844
1300,5288826,-6.904
1301,5317750,-6.747
1302,5370536,-6.452
1303,12306866,-6.662
1304,16760075,-5.617
1305,46780424,-7.543
1306,69964214,-7.011
1307,292101,-6.464
1308,46700759,-6.463
1309,12306048,-6.569
1310,9852570,-7.071
1311,94577,-6.904
1312,596375,-6.418
1313,19255,-7.109
1314,7136,-6.473
1315,70775,-6.464
1316,853433,-6.419
1317,637776,-6.427
1318,10385474,-7.653
1319,10247670,-7.373
1320,5320621,-6.765
1321,5144,-6.436
1322,12411,-6.876
1323,92313,-6.533
1324,8163,-6.478
1325,6429376,-6.528
1326,42608158,-6.532
1327,10398656,-6.57
1328,12302243,-6.509
1329,5317844,-6.528
1330,442409,-6.568
1331,8842,-6.46
1332,6427091,-6.569
1333,94275,-6.528
1334,92138,-6.554
1335,6442405,-7.646
1336,170984165,-7.266
1337,5365910,-6.558
1338,643779,-6.459
1339,1549025,-6.591
1340,17429,-6.84
1341,72075,-6.508
1342,10244953,-6.772
1343,21580213,-7.292
1344,11012859,-7.324
1345,6440616,-6.558
1346,6438710,-6.937
1347,21580214,-7.238
1348,636537,-6.683
1349,11996452,-6.569
1350,6431015,-6.534
1351,2724161,-6.482
1352,11031884,-6.537
1353,13889654,-6.545
1354,12816526,-6.569
1355,11870467,-7.467
1356,11127403,-6.614
1357,11630663,-6.76
1358,6453083,-7.349
1359,6429301,-6.528
1360,5368784,-6.6
1361,10980124,-6.973
1362,137941,-6.537
1363,96403,-6.468
1364,1563,-6.652
1365,61451,-6.56
1366,20655,-6.823
1367,591989,-6.535
1368,68128,-6.617
1369,14162526,-7.215
1370,15560279,-6.534
1371,9838172,-6.71
1372,6431152,-6.55
1373,246289,-6.572
1374,7044,-6.608
1375,25245021,-6.568
1376,5367581,-6.583
1377,159055,-6.412
1378,6439947,-7.266
1379,12682184,-6.747
1380,7299790,-7.655
1381,107,-6.531
1382,7410,-6.515
1383,11514,-6.45
1384,107035,-6.544
1385,71579641,-6.486
1386,7643,-6.376
1387,532276,-6.86
1388,11118018,-6.543
1389,11130083,-6.701
1390,6443006,-6.595
1391,6442402,-6.869
1392,20157325,-7.584
1393,76081,-6.552
1394,5318516,-6.549
1395,5320618,-6.742
1396,5372201,-7.295
1397,44453655,-7.533
1398,44454018,-7.532
1399,16041827,-7.539
1400,10086948,-6.741
1401,381152,-6.436
1402,637858,-6.859
1403,9974595,-7.262
1404,3081016,-6.566
1405,8438,-6.628
1406,7196,-6.562
1407,101689,-6.894
1408,5372162,-7.449
1409,72307,-7.22
1410,68289,-6.634
1411,609802,-6.661
1412,55250308,-6.454
1413,5281311,-6.189
1414,11008,-6.886
1415,12403,-6.695
1416,11636,-7.075
1417,12412,-6.83
1418,12409,-6.982
1419,12408,-7.059
1420,12413,-6.882
1421,5280459,-6.821
1422,26519,-6.877
1423,12535,-6.982
1424,31226,-6.437
1425,5316209,-6.528
1426,643941,-6.514
1427,31265,-6.48
1428,70759,-6.445
1429,8091,-6.473
1430,5352557,-6.475
1431,222656,-6.581
1432,323,-6.58
1433,875,-6.723
1434,6072,-5.879
1435,68262,-6.277
1436,134716643,-6.717
1437,8357,-6.549
1438,441975,-7.381
1439,21724884,-6.873
1440,42621393,-7.206
1441,6100671,-7.051
1442,120716,-7.344
1443,251575,-7.641
1444,6325415,-7.051
1445,6452110,-7.344
1446,161345,-7.662
1447,73532,-7.543
1448,24893138,-6.818
1449,453213,-7.026
1450,643606,-7.344
1451,5280954,-7.472
1452,67228,-7.662
1453,15559808,-7.051
1454,12314884,-6.718
1455,161276,-7.126
1456,161336,-6.635
1457,72340,-7.381
1458,6436266,-6.77
1459,5324289,-6.722
1460,5384527,-7.399
1461,5281974,-7.118
1462,600121,-7.378
1463,160608,-7.49
1464,161616,-7.349
1465,222178,-6.624
1466,5280437,-6.739
1467,6430770,-6.849
1468,5487248,-6.716
1469,5282768,-6.901
1470,5354133,-6.75
1471,8201,-6.744
1472,643684,-6.697
1473,443469,-6.747
1474,261491,-6.409
1475,521405,-6.701
1476,11764524,-7.189
1477,68171,-7.392
1478,10472,-7.273
1479,185639,-7.119
1480,155461,-7.372
1481,161858,-7.387
1482,3017068,-6.796
1483,96117,-7.122
1484,14537343,-7.179
1485,76380930,-7.344
1486,444679,-7.479
1487,3084462,-7.092
1488,10469,-7.376
1489,12305182,-7.455
1490,12591,-6.805
1491,3084376,-6.999
1492,557529,-6.965
1493,94485,-6.979
1494,3084375,-7.06
1495,10471,-7.121
1496,17085,-7.379
1497,86597,-6.617
1498,10586,-6.542
1499,10889018,-6.549
1500,6857681,-6.569
1501,66841,-6.475
1502,157814493,-6.8
1503,10047,-6.464
1504,91753574,-6.537
1505,1549107,-6.548
1506,6536796,-6.573
1507,86895,-6.509
1508,7308311,-6.569
1509,6432312,-6.621
1510,4837,-6.546
1511,163263,-6.75
1512,578221,-6.484
1513,24798703,-6.617
1514,5320249,-6.501
1515,9544291,-7.261
1516,9544106,-7.261
1517,9832120,-7.467
1518,11850,-6.844
1519,16078,-7.0
1520,332427,-7.556
1521,156633,-6.776
1522,91895300,-6.628
1523,73399,-7.538
1524,94672,-7.374
1525,131801617,-7.305
1526,443019,-7.647
1527,6450042,-6.743
1528,131751494,-7.402
1529,541869,-6.396
1530,610161,-6.555
1531,14586,-6.644
1532,2145,-6.539
1533,8418,-6.509
1534,15560252,-6.528
1535,5318102,-6.6
1536,111446,-6.543
1537,5753,-7.217
1538,368926,-6.494
1539,563197,-6.544
1540,10235,-6.636
1541,13854255,-6.537
1542,11858788,-6.569
1543,9154,-6.603
1544,572103,-6.531
1545,608919,-7.212
1546,10914,-6.503
1547,5353015,-6.589
1548,534398,-6.545
1549,11127402,-6.533
1550,565584,-6.531
1551,557156,-6.537
1552,609003,-6.602
1553,115250,-7.455
1554,2345,-6.448
1555,5315347,-6.528
1556,441959,-5.984
1557,73659,-7.454
1558,5281691,-6.889
1559,155902950,-6.96
1560,10033935,-5.186
1561,10189,-6.505
1562,12303662,-7.467
1563,133110026,-6.534
1564,6540709,-6.665
1565,6428793,-6.527
1566,7304,-6.686
1567,13010,-6.659
1568,5283321,-6.514
1569,14505,-6.607
1570,447466,-6.723
1571,5364752,-6.568
1572,179,-6.249
1573,11251,-6.559
1574,70258,-6.45
1575,83797,-6.568
1576,62453,-6.522
1577,11559,-6.818
1578,11558,-6.818
1579,12097,-6.607
1580,27209,-6.52
1581,7302,-6.774
1582,1549778,-6.593
1583,8299,-6.385
1584,18898,-6.546
1585,6255,-6.703
1586,185226,-6.59
1587,454,-6.479
1588,8027,-6.685
1589,13854,-6.69
1590,6432254,-6.474
1591,12444386,-7.25
1592,21152828,-6.556
1593,15385516,-7.328
1594,5281605,-6.449
1595,442673,-6.455
1596,14034812,-7.499
1597,10425234,-6.697
1598,44584733,-6.22
1599,3033836,-6.634
1600,16175789,-6.024
1601,8216,-7.412
1602,79048,-6.514
1603,95495,-6.585
1604,14658050,-6.907
1605,52951052,-6.556
1606,75034370,-7.083
1607,72284,-5.505
1608,23844056,-6.907
1609,637758,-6.397
1610,16143735,-6.024
1611,12314613,-7.25
1612,11796268,-7.591
1613,11711453,-7.59
1614,28962,-6.616
1615,5367610,-7.566
1616,14497,-6.772
1617,5364724,-6.462
1618,5369482,-6.541
1619,44411975,-7.349
1620,5466561,-6.547
1621,549104,-6.56
1622,69257,-6.5
1623,5362672,-7.399
1624,151202,-7.349
1625,95978,-6.483
1626,528759,-6.543
1627,10545,-6.421
1628,3515,-6.569
1629,7420,-6.609
1630,7438,-6.422
1631,14350,-6.529
1632,10681562,-6.638
1633,6602503,-6.703
1634,29096,-6.46
1635,134692993,-7.513
1636,5364713,-6.838
1637,5365675,-6.818
1638,8697,-6.477
1639,6452096,-7.339
1640,54435484,-6.704
1641,21718037,-6.57
1642,6432005,-6.584
1643,6429375,-6.575
1644,92812,-6.569
1645,10043572,-7.568
1646,10473569,-7.555
1647,8914,-6.487
1648,10910653,-6.534
1649,11348702,-7.55
1650,21574226,-7.606
1651,11771639,-6.817
1652,10947295,-6.905
1653,11013229,-7.563
1654,5283345,-6.433
1655,5352437,-6.618
1656,445070,-6.548
1657,1549109,-6.548
1658,15560069,-6.573
1659,5356544,-6.548
1660,1549108,-6.548
1661,534647,-6.667
1662,543423,-6.529
1663,11605,-6.575
1664,5365371,-7.434
1665,537071,-6.955
1666,74346,-6.442
1667,11583,-6.554
1668,1781947,-6.419
1669,22212900,-7.709
1670,572962,-6.504
1671,13187,-6.477
1672,5317045,-6.48
1673,520758,-6.554
1674,6428435,-6.563
1675,5365775,-6.6
1676,5283748,-7.566
1677,70678558,-6.568
1678,12348,-6.55
1679,442360,-6.492
1680,841658,-6.574
1681,61016,-6.48
1682,12300146,-6.542
1683,529621,-6.473
1684,91457,-6.584
1685,6450812,-6.532
1686,91456,-6.409
1687,538067,-6.666
1688,535256,-6.538
1689,93009,-6.622
1690,6429077,-6.509
1691,7794,-6.456
1692,9017,-6.592
1693,527426,-6.512
1694,89316,-6.546
1695,522296,-6.528
1696,5288209,-7.482
1697,1549026,-6.591
1698,442793,-6.817
1699,534501,-7.589
1700,536571,-7.751
1701,6321405,-6.42
1702,15690922,-6.534
1703,534645,-6.538
1704,5365912,-6.558
1705,296573,-7.22
1706,7237,-6.508
1707,8500,-6.443
1708,95593,-6.456
1709,22296463,-7.573
1710,84825,-6.461
1711,20055539,-6.563
1712,538938,-6.56
1713,11468,-6.482
1714,100031,-6.499
1715,8186,-6.478
1716,5368743,-6.567
1717,13213649,-6.568
1718,5951616,-7.31
1719,5319544,-7.422
1720,167551,-7.523
1721,11266523,-6.932
1722,76617,-6.905
1723,68827,-6.651
1724,174174,-6.827
1725,11968014,-6.963
1726,10438919,-7.112
1727,72310,-7.386
1728,10143,-7.465
1729,10217,-7.233
1730,317840,-7.59
1731,11066,-7.289
1732,371257,-7.554
1733,19009,-7.324
1734,1669,-6.458
1735,12576677,-6.604
1736,13542886,-6.534
1737,9007,-6.53
1738,7184,-6.533
1739,102231361,-7.314
1740,5280448,-6.747
1741,1549106,-6.437
1742,358832,-7.66
1743,100332,-6.634
1744,119205,-7.548
1745,5282203,-6.446
1746,5281727,-6.622
1747,123964,-6.754
1748,629965,-7.443
1749,5350,-6.549
1750,1203,-6.735
1751,2723720,-6.464
1752,403919,-6.617
1753,119831,-6.537
1754,5317319,-6.615
1755,53472035,-7.164
1756,11551959,-7.391
1757,10071695,-7.882
1758,4993,-6.493
1759,65373,-7.637
1760,1548943,-6.807
1761,285033,-7.171
1762,5316673,-7.226
1763,12358447,-7.455
1764,13915602,-7.278
1765,14079470,-7.179
1766,484757,-7.489
1767,71694437,-7.489
1768,638088,-6.529
1769,94225,-7.278
1770,5281718,-7.603
1771,11045436,-6.721
1772,305,-6.405
1773,657272,-6.774
1774,6613,-6.646
1775,8768,-6.543
1776,1188,-6.486
1777,12358846,-6.949
1778,5481663,-7.133
1779,439246,-6.461
1780,6651,-6.544
1781,44593485,-7.742
1782,169419,-6.979
1783,7028,-6.457
1784,6440936,-7.013
1785,1201543,-6.56
1786,91460,-6.271
1787,440933,-6.66
1788,442642,-6.695
1789,251884,-6.22
1790,449293,-6.744
1791,94155,-7.504
1792,67151,-6.668
1793,11400841,-6.588
1794,6581,-6.467
1795,70825,-6.631
1796,724,-6.711
1797,5460232,-6.644
1798,641819,-6.528
1799,91493,-6.83
1800,54676537,-7.698
1801,135401907,-6.446
1802,9898327,-6.774
1803,5281223,-7.099
1804,6227,-6.815
1805,13789,-7.324
1806,197810,-7.359
1807,221493,-7.531
1808,441674,-5.295
1809,7966,-6.682
1810,10409,-6.78
1811,97812,-6.658
1812,13254473,-5.82
1813,10267,-7.159
1814,5280379,-7.335
1815,5280607,-6.928
1816,65243,-7.178
1817,5958,-6.496
1818,13908473,-7.293
1819,10748,-6.442
1820,776,-6.419
1821,5318645,-5.829
1822,72378,-6.879
1823,5283381,-6.722
1824,543714,-6.762
1825,446512,-6.682
1826,439501,-7.599
1827,2879,-6.589
1828,5280362,-7.085
1829,135398670,-7.341
1830,34755,-7.065
1831,5646,-7.516
1832,5316460,-7.367
1833,442884,-7.372
1834,12842714,-6.556
1835,247,-6.714
1836,12309055,-7.148
1837,68261,-6.699
1838,14521039,-6.712
1839,72610,-6.654
1840,25084503,-6.392
1841,667496,-6.654
1842,442934,-6.572
1843,158720,-6.561
1844,442935,-6.729
1845,642668,-6.569
1846,626005,-6.752
1847,627712,-6.767
1848,442646,-7.45
1849,442647,-7.394
1850,101616,-7.428
1851,16116472,-7.452
1852,16721018,-7.59
1853,16116603,-7.576
1854,16116602,-7.269
1855,643462,-7.321
1856,643463,-7.228
1857,5352093,-7.157
1858,643540,-7.313
1859,45378267,-7.822
1860,45378268,-7.585
1861,5490064,-6.291
1862,471426,-7.328
1863,382831,-7.454
1864,5319688,-6.749
1865,5282096,-6.496
1866,336327,-6.508
1867,101939793,-6.309
1868,5459018,-7.375
1869,11968867,-7.318
1870,2948,-6.431
1871,440835,-6.652
1872,162464,-7.421
1873,451674,-7.331
1874,5154,-7.328
1875,8969,-7.344
1876,3565,-6.58
1877,5281404,-6.537
1878,1107,-6.636
1879,637511,-6.515
1880,876160,-6.495
1881,11830551,-6.528
1882,12302222,-6.57
1883,61040,-6.558
1884,16218542,-6.826
1885,128861,-6.684
1886,637579,-7.599
1887,107876,-6.035
1888,443013,-7.526
1889,9958,-6.533
1890,8550,-7.501
1891,5320686,-6.768
1892,98570,-7.394
1893,2703,-7.214
1894,443720,-7.612
1895,161243,-7.413
1896,4970,-7.305
1897,356660,-7.516
1898,356662,-7.612
1899,5320315,-6.747
1900,5282379,-6.919
1901,34359,-6.086
1902,637760,-6.461
1903,342,-6.589
1904,76308630,-6.798
1905,159360,-6.564
1906,5280378,-6.616
1907,441701,-6.547
1908,36314,-6.719
1909,15560550,-7.155
1910,580151,-7.093
1911,15376,-7.237
1912,12444831,-7.245
1913,227613,-7.167
1914,5281801,-6.715
1915,10133609,-6.575
1916,102068587,-5.825
1917,19829,-6.529
1918,72193657,-6.114
1919,157009746,-7.78
1920,440936,-6.974
1921,6440397,-6.101
1922,9840292,-6.603
1923,49844972,-7.057
1924,11349,-6.539
1925,10088114,-6.743
1926,65084,-6.697
1927,102430625,-7.364
1928,11063337,-6.543
1929,6453057,-7.111
1930,68079,-6.492
1931,131752667,-7.227
1932,14524429,-5.825
1933,44259428,-6.954
1934,114627,-7.202
1935,442534,-6.875
1936,157010113,-6.924
1937,10252339,-6.291
1938,119112,-7.662
1939,24772948,-6.941
1940,193567,-7.479
1941,21574483,-7.335
1942,443143,-6.544
1943,5351589,-6.656
1944,162623730,-6.609
1945,3467,-7.313
1946,92987,-6.581
1947,10100412,-6.764
1948,14807783,-7.104
1949,57403080,-7.339
1950,14236709,-7.158
1951,387980,-7.269
1952,265237,-7.338
1953,53477765,-7.338
1954,11294368,-7.338
1955,14236711,-7.174
1956,101559583,-7.069
1957,161671,-7.338
1958,301751,-7.367
1959,44562998,-7.424
1960,11049407,-7.306
1961,21679027,-7.338
1962,71312551,-5.359
1963,10700345,-6.753
1964,91827019,-5.465
1965,191450,-7.395
1966,101293641,-7.278
1967,44566968,-7.387
1968,10096775,-7.315
1969,11752064,-7.394
1970,101710597,-7.424
1971,442877,-6.624
1972,21607602,-7.33
1973,439711,-6.42
1974,522417,-6.473
1975,66520,-6.4
1976,74982343,-7.214
1977,443915,-6.606
1978,197081,-7.214
1979,12302249,-7.004
1980,44256848,-6.664
1981,443654,-6.863
1982,87310,-6.366
1983,12305351,-6.43
1984,9793905,-6.564
1985,5370448,-6.458
1986,12377,-6.477
1987,8118,-6.484
1988,22383,-6.53
1989,5281112,-6.31
1990,9578071,-6.597
1991,87078533,-7.065
1992,5282160,-5.841
1993,20140672,-7.573
1994,9881148,-6.5
1995,121922,-6.366
1996,133337,-6.589
1997,65036,-6.538
1998,66282,-6.511
1999,16590,-6.508
2000,11617,-6.441
2001,16315,-6.462
2002,9794159,-6.702
2003,92185,-6.27
2004,24417,-6.379
2005,125198,-6.607
2006,8193,-6.591
2007,72322,-6.963
2008,45490416,-6.876
2009,3083983,-7.386
2010,72323,-7.386
2011,24360,-7.463
2012,558047,-6.979
2013,11092,-6.47
2014,586373,-7.867
2015,5479541,-6.818
2016,6597,-6.813
2017,6560,-6.675
2018,5365964,-6.788
2019,441694,-7.512
2020,82755,-6.578
2021,441774,-6.897
2022,151505,-7.135
2023,6452133,-6.928
2024,62348,-6.546
2025,6474640,-6.949
2026,5281769,-6.949
2027,68148,-6.45
2028,119034,-7.322
2029,73196815,-7.328
2030,6918774,-7.454
2031,25564831,-7.454
2032,73412,-7.25
2033,5281678,-7.148
2034,10372074,-6.543
2035,91503,-7.281
2036,121515,-7.281
2037,82143,-6.777
2038,9914081,-7.461
2039,380925,-6.777
2040,98912,-6.675
2041,5281319,-7.152
2042,76015,-6.451
2043,543337,-6.541
2044,104633,-7.183
2045,5281565,-6.431
2046,6579,-6.491
2047,33945,-6.313
2048,11579,-6.655
2049,12302962,-6.626
2050,31234,-6.52
2051,10314,-6.67
2052,5282184,-6.87
2053,699486,-6.388
2054,439368,-6.27
2055,6811,-6.672
2056,1030,-6.452
2057,578892,-6.61
2058,585747,-6.531
2059,558173,-6.561
2060,448438,-7.156
2061,5283349,-6.459
2062,6452086,-6.546
2063,621572,-6.546
2064,165536,-6.531
2065,164888,-6.423
2066,12308843,-6.533
2067,14076601,-6.588
2068,12308615,-6.531
2069,90805,-6.533
2070,91750423,-6.563
2071,10704181,-6.52
2072,91752786,-6.556
2073,3828,-6.464
2074,5491408,-5.916
2075,129847769,-7.116
2076,50914217,-6.661
2077,25203405,-6.533
2078,46173924,-6.689
2079,88302,-6.421
2080,5281702,-7.434
2081,6029,-6.55
2082,6440942,-6.567
2083,92874,-6.408
2084,6716,-6.477
2085,6748,-6.577
2086,442898,-6.462
2087,15606170,-6.513
2088,163184282,-6.722
2089,3009245,-6.707
2090,854026,-6.505
2091,40692,-7.469
2092,4908,-6.66
2093,13747834,-7.071
2094,3084282,-7.478
2095,107935,-7.675
2096,12306046,-6.569
2097,92735,-7.154
2098,439503,-7.028
2099,115158,-7.175
2100,92794,-6.078
2101,68221,-6.575
2102,10227,-6.468
2103,6760,-6.468
2104,5318093,-7.249
2105,5315426,-6.848
2106,442158,-7.325
2107,442159,-7.435
2108,10853265,-6.801
2109,442160,-6.859
2110,10851977,-6.805
2111,442161,-6.47
2112,442166,-7.29
2113,442195,-7.341
2114,72341,-7.435
2115,14036811,-7.197
2116,667450,-6.517
2117,6438503,-7.493
2118,643007,-7.792
2119,2355,-6.504
2120,440917,-6.475
2121,5320318,-6.506
2122,44146779,-6.494
2123,520383,-6.563
2124,5321018,-6.606
2125,155948,-6.558
2126,5321047,-6.509
2127,3080635,-6.561
2128,362562,-7.847
2129,129886986,-6.667
2130,10251,-6.663
2131,6483648,-7.641
2132,637234,-7.339
2133,132570107,-5.885
2134,190940,-7.513
2135,10030889,-7.357
2136,121513841,-7.266
2137,5281304,-6.978
2138,5281305,-6.942
2139,101600137,-7.521
2140,160006,-6.522
2141,161496,-5.953
2142,5315509,-6.397
2143,122784,-7.055
2144,5315510,-6.956
2145,76315043,-7.071
2146,101600138,-7.055
2147,21126551,-7.278
2148,23656476,-6.497
2149,56833856,-6.46
2150,56833857,-6.568
2151,56833858,-6.5
2152,56833859,-6.974
2153,56833860,-6.531
2154,56833861,-6.934
2155,441789,-7.055
2156,73351376,-7.054
2157,73122,-7.054
2158,460525,-7.08
2159,460524,-7.08
2160,6451123,-7.034
2161,132491878,-7.073
2162,132487406,-7.051
2163,102196212,-7.435
2164,102196213,-7.302
2165,102196214,-7.164
2166,102196215,-7.246
2167,102196216,-7.135
2168,102196217,-7.316
2169,102196218,-7.224
2170,102196219,-7.241
2171,102196220,-7.241
2172,102196221,-7.241
2173,102196222,-7.07
2174,102196223,-7.19
2175,102196224,-7.125
2176,102196225,-7.216
2177,73432,-6.509
2178,54604632,-6.942
2179,59087297,-6.497
2180,101270668,-7.217
2181,10071101,-6.963
2182,11214625,-5.655
2183,11455840,-6.02
2184,70686049,-5.635
2185,70683917,-5.635
2186,11169907,-7.054
2187,11169890,-7.069
2188,11227971,-7.191
2189,11274270,-7.22
2190,11445415,-7.149
2191,12086835,-7.135
2192,11445340,-7.055
2193,76307878,-7.398
2194,10409280,-7.055
2195,72956,-7.054
2196,72952,-6.997
2197,44584515,-7.199
2198,460522,-7.094
2199,44584516,-7.053
2200,73354401,-7.134
2201,10484290,-6.981
2202,14060346,-7.153
2203,10032831,-7.17
2204,21115200,-7.164
2205,10417797,-7.064
2206,73345262,-7.137
2207,442630,-7.476
2208,11592917,-7.165
2209,5318761,-7.195
2210,44259,-7.22
2211,3220,-6.446
2212,10168,-6.7
2213,33934,-7.552
2214,5312402,-6.55
2215,5281697,-6.715
2216,541568,-6.36
2217,6780,-6.646
2218,443639,-6.51
2219,53438729,-7.534
2220,5365051,-6.677
2221,12731064,-6.716
2222,535111,-6.571
2223,98346,-6.458
2224,520743,-6.811
2225,94833,-6.456
2226,16269,-6.467
2227,5862,-6.402
2228,5793,-6.928
2229,8403,-6.623
2230,13304188,-6.634
2231,5363097,-6.777
2232,5365867,-6.568
2233,14519,-6.533
2234,55250274,-6.427
2235,5366546,-6.713
2236,91753504,-6.537
2237,14565842,-7.652
2238,5316703,-7.659
2239,10177048,-6.575
2240,5281762,-6.791
2241,6441280,-6.603
2242,442196,-6.641
2243,5281764,-7.167
2244,5315718,-6.517
2245,14138125,-6.548
2246,442101,-6.968
2247,75528911,-7.08
2248,72551521,-6.101
2249,13855728,-6.779
2250,101683332,-6.756
2251,176457,-7.214
2252,6455477,-5.829
2253,57330981,-5.884
2254,101589321,-6.843
2255,14163574,-6.572
2256,5282155,-6.966
2257,74414058,-6.109
2258,102225228,-7.195
2259,442266,-6.782
2260,174880,-7.735
2261,636954,-6.548
2262,11249520,-6.962
2263,356,-6.488
2264,61303,-6.589
2265,101702520,-7.495
2266,13855746,-6.94
2267,15560276,-6.534
2268,442431,-7.437
2269,519764,-6.617
2270,5491384,-6.464
2271,9851181,-7.302
2272,5319116,-5.789
2273,5280601,-5.854
2274,10461109,-7.195
2275,68085,-6.528
2276,124039,-6.452
2277,5281846,-6.527
2278,119041,-7.345
2279,441805,-7.38
2280,441207,-6.666
2281,2724385,-6.45
2282,44572330,-6.802
2283,204,-6.54
2284,5489501,-7.434
2285,119245,-6.733
2286,159861,-5.745
2287,441891,-6.668
2288,441892,-6.679
2289,10077207,-7.174
2290,5320313,-6.464
2291,527108,-6.436
2292,5281441,-7.562
2293,101915963,-7.514
2294,134692058,-7.314
2295,10883375,-7.333
2296,5281984,-6.928
2297,623309,-6.683
2298,16441,-6.436
2299,91179916,-7.402
2300,91709807,-6.5
2301,552914,-7.363
2302,529471,-7.092
2303,521517,-6.468
2304,118823,-6.468
2305,568272,-6.541
2306,5372684,-7.0
2307,91696622,-6.67
2308,11752,-6.527
2309,554738,-6.504
2310,91735342,-7.193
2311,552399,-6.438
2312,590008,-6.588
2313,538589,-6.653
2314,187882,-6.471
2315,523334,-6.519
2316,552494,-6.67
2317,5371333,-6.552
2318,547006,-6.504
2319,5352430,-7.322
2320,91696644,-6.486
2321,8343,-7.552
2322,552869,-6.638
2323,589994,-6.555
2324,91696405,-7.241
2325,523972,-7.095
2326,523364,-7.413
2327,91737487,-7.179
2328,521638,-7.265
2329,91699252,-6.474
2330,545337,-6.485
2331,554488,-6.725
2332,5366433,-7.305
2333,91727353,-6.464
2334,14038131,-6.773
2335,91714198,-6.956
2336,12444466,-7.104
2337,6432445,-7.317
2338,12686022,-6.936
2339,91696561,-6.998
2340,521624,-6.576
2341,6063386,-6.715
2342,5490139,-7.401
2343,5270628,-7.455
2344,169017,-6.732
2345,442219,-6.764
2346,5317203,-6.732
2347,126540,-7.485
2348,5317205,-6.864
2349,222285,-6.654
2350,5743442,-7.158
2351,467497,-7.471
2352,442088,-6.937
2353,56637991,-6.902
2354,7469,-6.531
2355,169539,-6.499
2356,56613778,-6.788
2357,10416,-6.689
2358,54409273,-6.856
2359,12921,-6.763
2360,6449780,-6.736
2361,11498765,-7.258
2362,323075,-7.179
2363,92900,-7.323
2364,9921021,-6.424
2365,441446,-6.694
2366,13889568,-6.499
2367,164601,-6.712
2368,14240958,-7.376
2369,179651,-7.376
2370,5281420,-6.755
2371,131684,-7.213
2372,442544,-6.755
2373,5283324,-6.468
2374,7284,-6.559
2375,643757,-6.371
2376,107971,-7.39
2377,1068,-6.722
2378,18936,-6.677
2379,8217,-6.709
2380,24232,-6.666
2381,5366244,-6.788
2382,545561,-6.976
2383,10430,-6.582
2384,8139,-6.587
2385,15609,-6.747
2386,41518,-7.293
2387,31284,-6.561
2388,5283387,-6.538
2389,10256668,-6.762
2390,7371,-6.512
2391,122844,-7.339
2392,442027,-6.738
2393,69425,-6.778
2394,5352911,-6.414
2395,129724255,-6.605
2396,5364598,-6.709
2397,85655677,-6.979
2398,85675296,-6.992
2399,71345026,-6.979
2400,91204344,-7.109
2401,12217,-6.48
2402,11078392,-7.476
2403,11843975,-7.286
2404,11844108,-7.476
2405,5281836,-7.291
2406,114842,-6.799
2407,7489,-6.434
2408,129630222,-6.689
2409,6334,-6.577
2410,7276,-6.647
2411,7847,-6.762
2412,3032853,-6.573
2413,8452,-6.69
2414,6432469,-6.438
2415,6432225,-6.555
2416,24585,-6.426
2417,94579,-6.592
2418,155626,-6.422
2419,27867,-6.555
2420,75699,-6.555
2421,442495,-6.436
2422,9959532,-7.581
2423,10205,-6.644
2424,5281813,-6.793
2425,5281511,-6.532
2426,15689618,-6.906
2427,5281612,-6.94
2428,5281614,-6.715
2429,140523133,-6.767
2430,108065,-6.213
2431,5281706,-6.94
2432,9819225,-7.516
2433,131752397,-6.769
2434,6446720,-6.769
2435,73201,-6.494
2436,64982,-6.471
2437,161557,-6.625
2438,187808,-7.28
2439,5318997,-6.062
2440,638278,-6.489
2441,442439,-7.072
2442,4788,-6.513
2443,5281807,-7.155
2444,31553,-7.327
2445,5486699,-7.14
2446,6773,-6.649
2447,54679630,-6.453
2448,11106485,-6.533
2449,14484636,-6.833
2450,99526,-7.513
2451,80790,-6.416
2452,160237,-7.434
2453,5091219,-7.219
2454,4873003,-6.914
2455,8078,-6.579
2456,10353,-6.482
2457,12308885,-5.618
2458,3000226,-7.377
2459,6086514,-6.569
2460,5355853,-6.559
2461,15137997,-6.914
2462,441860,-7.219
2463,5367706,-6.538
2464,7795,-6.455
2465,6436237,-6.131
2466,5318717,-7.044
2467,5323652,-6.588
2468,170453367,-7.184
2469,94348,-5.618
2470,5357002,-6.525
2471,6185,-7.743
2472,102146,-6.758
2473,10913,-7.338
2474,5362830,-6.484
2475,28516,-6.53
2476,5364711,-6.704
2477,520182,-6.7
2478,10223,-6.563
2479,545593,-6.982
2480,5352470,-6.52
2481,5280590,-6.751
2482,156989,-6.982
2483,146798,-6.064
2484,11182062,-6.145
2485,13831068,-6.039
2486,441381,-6.988
2487,12309057,-7.148
2488,160597,-6.703
2489,442169,-6.779
2490,160875,-6.55
2491,73400,-7.508
2492,85821358,-6.754
2493,821347,-6.666
2494,114840,-6.603
2495,16057860,-7.321
2496,31069,-6.481
2497,10144,-6.901
2498,5274587,-6.776
2499,197017,-6.481
2500,440595,-6.806
2501,21817819,-6.806
2502,6999736,-6.806
2503,41169,-6.481
2504,10146,-6.671
2505,200480,-6.747
2506,119204,-6.742
2507,137333728,-6.928
2508,12760132,-7.492
2509,5283640,-7.402
2510,14282775,-7.562
2511,12303924,-7.402
2512,15939540,-7.631
2513,3001497,-6.849
2514,182140,-7.45
2515,101241675,-7.577
2516,11361584,-7.577
2517,5319518,-6.491
2518,13989915,-7.36
2519,182644,-7.45
2520,11494293,-7.375
2521,125896,-5.919
2522,6442213,-7.006
2523,11106439,-6.836
2524,358901,-7.332
2525,179963,-7.465
2526,267769,-6.751
2527,11223782,-7.436
2528,11760779,-7.656
2529,5317143,-6.531
2530,70130,-6.523
2531,21618,-6.469
2532,79126,-6.679
2533,5317591,-7.367
2534,5367407,-6.607
2535,53481458,-7.486
2536,565481,-7.053
2537,25913,-6.667
2538,8421,-6.52
2539,19462,-6.515
2540,641256,-6.571
2541,5318169,-6.531
2542,6434253,-7.566
2543,565453,-6.485
2544,12209,-6.55
2545,7424,-6.489
2546,549159,-6.633
2547,69362,-6.345
2548,11381,-6.45
2549,246988,-6.406
2550,131769827,-7.442
2551,5319662,-7.423
2552,107722,-7.519
2553,118810,-6.78
2554,5365037,-6.677
2555,5364599,-6.709
2556,6436630,-7.23
2557,131751968,-7.048
2558,10877186,-6.467
2559,537288,-6.692
2560,9838995,-6.444
2561,99973,-5.315
2562,8834,-6.559
2563,13711,-6.601
2564,12329,-6.657
2565,14242,-6.649
2566,439165,-6.496
2567,44584241,-7.475
2568,519189,-6.638
2569,5375048,-6.613
2570,10077799,-5.161
2571,522214,-6.48
2572,6262,-6.448
2573,12328,-6.644
2574,487,-6.277
2575,121992,-6.776
2576,11075454,-6.121
2577,111750,-6.585
2578,12533,-6.745
2579,62852,-6.319
2580,165580,-6.725
2581,7311,-6.631
2582,5280388,-7.366
2583,1053,-6.217
2584,558485,-6.415
2585,530427,-6.532
2586,31292,-6.746
2587,1123,-6.624
2588,20149,-6.827
2589,11007921,-6.468
2590,6422,-6.84
2591,90116889,-7.025
2592,522398,-6.841
2593,5280531,-6.953
2594,10631344,-6.647
2595,129881794,-6.698
2596,5281860,-7.316
2597,78016,-6.529
2598,10971435,-7.581
2599,66654,-6.586
2600,250397,-5.442
2601,300554,-6.846
2602,5281159,-6.513
2603,6444297,-5.908
2604,21603117,-6.792
2605,193042,-7.521
2606,101663451,-7.591
2607,5317306,-6.831
2608,10416810,-6.651
2609,13969554,-7.478
2610,323958,-5.161
2611,13917513,-5.161
2612,11009664,-6.524
2613,10957981,-7.014
2614,73989113,-5.379
2615,15742123,-6.472
2616,147900,-5.256
2617,155764,-6.73
2618,11604108,-7.591
2619,129820049,-7.436
2620,637287,-7.615
2621,154926398,-7.425
2622,185904,-7.444
2623,15559345,-7.116
2624,896,-6.504
2625,21574472,-5.854
2626,21574473,-5.656
2627,21574474,-6.863
2628,21574475,-7.075
2629,21574476,-6.619
2630,46902093,-7.288
2631,73814991,-6.767
2632,171548,-6.898
2633,441667,-6.823
2634,440047,-6.441
2635,442770,-7.487
2636,44257380,-7.679
2637,156777,-7.594
2638,131752226,-7.78
2639,156743,-6.824
2640,44258922,-7.226
2641,119269,-7.737
2642,5281693,-7.025
2643,122097,-6.132
2644,443614,-6.311
2645,15608234,-5.273
2646,119444,-7.141
2647,667476,-6.609
2648,6432025,-6.783
2649,246728,-6.479
2650,527428,-6.426
2651,12004528,-5.801
2652,73401,-7.197
2653,61942,-6.424
2654,6124301,-6.706
2655,6451084,-6.279
2656,13991590,-6.714
2657,75412558,-7.138
2658,10903113,-6.886
2659,11530200,-7.317
